symbol,company,sector,sub_industry,headquarters,date_added,founded
MMM,3M,Industrials,Industrial Conglomerates,"Saint Paul, Minnesota",04/03/1957,1902
AOS,A. O. Smith,Industrials,Building Products,"Milwaukee, Wisconsin",26/07/2017,1916
ABT,Abbott Laboratories,Health Care,Health Care Equipment,"North Chicago, Illinois",04/03/1957,1888
ABBV,AbbVie,Health Care,Biotechnology,"North Chicago, Illinois",31/12/2012,2013 (1888)
ACN,Accenture,Information Technology,IT Consulting & Other Services,"Dublin, Ireland",06/07/2011,1989
ADBE,Adobe Inc.,Information Technology,Application Software,"San Jose, California",05/05/1997,1982
AMD,Advanced Micro Devices,Information Technology,Semiconductors,"Santa Clara, California",20/03/2017,1969
AES,AES Corporation,Utilities,Independent Power Producers & Energy Traders,"Arlington, Virginia",02/10/1998,1981
AFL,Aflac,Financials,Life & Health Insurance,"Columbus, Georgia",28/05/1999,1955
A,Agilent Technologies,Health Care,Life Sciences Tools & Services,"Santa Clara, California",05/06/2000,1999
APD,Air Products,Materials,Industrial Gases,"Upper Macungie Township, Pennsylvania",30/04/1985,1940
ABNB,Airbnb,Consumer Discretionary,"Hotels, Resorts & Cruise Lines","San Francisco, California",18/09/2023,2008
AKAM,Akamai Technologies,Information Technology,Internet Services & Infrastructure,"Cambridge, Massachusetts",12/07/2007,1998
ALB,Albemarle Corporation,Materials,Specialty Chemicals,"Charlotte, North Carolina",01/07/2016,1994
ARE,Alexandria Real Estate Equities,Real Estate,Office REITs,"Pasadena, California",20/03/2017,1994
ALGN,Align Technology,Health Care,Health Care Supplies,"Tempe, Arizona",19/06/2017,1997
ALLE,Allegion,Industrials,Building Products,"Dublin, Ireland",02/12/2013,1908
LNT,Alliant Energy,Utilities,Electric Utilities,"Madison, Wisconsin",01/07/2016,1917
ALL,Allstate,Financials,Property & Casualty Insurance,"Northbrook, Illinois",13/07/1995,1931
GOOGL,Alphabet Inc. (Class A),Communication Services,Interactive Media & Services,"Mountain View, California",03/04/2006,1998
GOOG,Alphabet Inc. (Class C),Communication Services,Interactive Media & Services,"Mountain View, California",03/04/2014,1998
MO,Altria,Consumer Staples,Tobacco,"Richmond, Virginia",04/03/1957,1985
AMZN,Amazon,Consumer Discretionary,Broadline Retail,"Seattle, Washington",18/11/2005,1994
AMCR,Amcor,Materials,Paper & Plastic Packaging Products & Materials,"Warmley, Bristol, United Kingdom",07/06/2019,2019 (1860)
AEE,Ameren,Utilities,Multi-Utilities,"St. Louis, Missouri",19/09/1991,1902
AEP,American Electric Power,Utilities,Electric Utilities,"Columbus, Ohio",04/03/1957,1906
AXP,American Express,Financials,Consumer Finance,"New York City, New York",30/06/1976,1850
AIG,American International Group,Financials,Multi-line Insurance,"New York City, New York",31/03/1980,1919
AMT,American Tower,Real Estate,Telecom Tower REITs,"Boston, Massachusetts",19/11/2007,1995
AWK,American Water Works,Utilities,Water Utilities,"Camden, New Jersey",04/03/2016,1886
AMP,Ameriprise Financial,Financials,Asset Management & Custody Banks,"Minneapolis, Minnesota",03/10/2005,1894
AME,Ametek,Industrials,Electrical Components & Equipment,"Berwyn, Pennsylvania",23/09/2013,1930
AMGN,Amgen,Health Care,Biotechnology,"Thousand Oaks, California",02/01/1992,1980
APH,Amphenol,Information Technology,Electronic Components,"Wallingford, Connecticut",30/09/2008,1932
ADI,Analog Devices,Information Technology,Semiconductors,"Wilmington, Massachusetts",12/10/1999,1965
AON,Aon plc,Financials,Insurance Brokers,"London, United Kingdom",23/04/1996,1982 (1919)
APA,APA Corporation,Energy,Oil & Gas Exploration & Production,"Houston, Texas",28/07/1997,1954
APO,Apollo Global Management,Financials,Asset Management & Custody Banks,"New York City, New York",23/12/2024,1990
AAPL,Apple Inc.,Information Technology,"Technology Hardware, Storage & Peripherals","Cupertino, California",30/11/1982,1977
AMAT,Applied Materials,Information Technology,Semiconductor Materials & Equipment,"Santa Clara, California",16/03/1995,1967
APP,AppLovin,Information Technology,Application Software,"Palo Alto, California",22/09/2025,2012
APTV,Aptiv,Consumer Discretionary,Automotive Parts & Equipment,"Schaffhausen, Switzerland",24/12/2012,1994
ACGL,Arch Capital Group,Financials,Property & Casualty Insurance,"Hamilton, Bermuda",01/11/2022,1995
ADM,Archer Daniels Midland,Consumer Staples,Agricultural Products & Services,"Chicago, Illinois",04/03/1957,1902
ARES,Ares Management,Financials,Asset Management & Custody Banks,"Los Angeles, California",11/12/2025,1977
ANET,Arista Networks,Information Technology,Communications Equipment,"Santa Clara, California",28/08/2018,2004
AJG,Arthur J. Gallagher & Co.,Financials,Insurance Brokers,"Rolling Meadows, Illinois",31/05/2016,1927
AIZ,Assurant,Financials,Multi-line Insurance,"Atlanta, Georgia",10/04/2007,1892
T,AT&T,Communication Services,Integrated Telecommunication Services,"Dallas, Texas",30/11/1983,1983 (1885)
ATO,Atmos Energy,Utilities,Gas Utilities,"Dallas, Texas",15/02/2019,1906
ADSK,Autodesk,Information Technology,Application Software,"San Francisco, California",01/12/1989,1982
ADP,Automatic Data Processing,Industrials,Human Resource & Employment Services,"Roseland, New Jersey",31/03/1981,1949
AZO,AutoZone,Consumer Discretionary,Automotive Retail,"Memphis, Tennessee",02/01/1997,1979
AVB,AvalonBay Communities,Real Estate,Multi-Family Residential REITs,"Arlington, Virginia",10/01/2007,1978
AVY,Avery Dennison,Materials,Paper & Plastic Packaging Products & Materials,"Mentor, Ohio",31/12/1987,1935
AXON,Axon Enterprise,Industrials,Aerospace & Defense,"Scottsdale, Arizona",04/05/2023,1993
BKR,Baker Hughes,Energy,Oil & Gas Equipment & Services,"Houston, Texas",07/07/2017,2017
BALL,Ball Corporation,Materials,"Metal, Glass & Plastic Containers","Broomfield, Colorado",31/10/1984,1880
BAC,Bank of America,Financials,Diversified Banks,"Charlotte, North Carolina",30/06/1976,1998 (1923 / 1874)
BAX,Baxter International,Health Care,Health Care Equipment,"Deerfield, Illinois",30/09/1972,1931
BDX,Becton Dickinson,Health Care,Health Care Equipment,"Franklin Lakes, New Jersey",30/09/1972,1897
BRK-B,Berkshire Hathaway,Financials,Multi-Sector Holdings,"Omaha, Nebraska",16/02/2010,1839
BBY,Best Buy,Consumer Discretionary,Computer & Electronics Retail,"Richfield, Minnesota",29/06/1999,1966
TECH,Bio-Techne,Health Care,Life Sciences Tools & Services,"Minneapolis, Minnesota",30/08/2021,1976
BIIB,Biogen,Health Care,Biotechnology,"Cambridge, Massachusetts",13/11/2003,1978
BLK,BlackRock,Financials,Asset Management & Custody Banks,"New York City, New York",04/04/2011,1988
BX,Blackstone Inc.,Financials,Asset Management & Custody Banks,"New York City, New York",18/09/2023,1985
XYZ,"Block, Inc.",Financials,Transaction & Payment Processing Services,none,23/07/2025,2009
BNY,BNY Mellon,Financials,Asset Management & Custody Banks,"New York City, New York",31/03/1995,1784
BA,Boeing,Industrials,Aerospace & Defense,"Arlington, Virginia",04/03/1957,1916
BKNG,Booking Holdings,Consumer Discretionary,"Hotels, Resorts & Cruise Lines","Norwalk, Connecticut",06/11/2009,1996
BSX,Boston Scientific,Health Care,Health Care Equipment,"Marlborough, Massachusetts",24/02/1995,1979
BMY,Bristol Myers Squibb,Health Care,Pharmaceuticals,"New York City, New York",04/03/1957,1989 (1887)
AVGO,Broadcom,Information Technology,Semiconductors,"Palo Alto, California",08/05/2014,1961
BR,Broadridge Financial Solutions,Industrials,Data Processing & Outsourced Services,"Lake Success, New York",18/06/2018,1962
BRO,Brown & Brown,Financials,Insurance Brokers,"Daytona Beach, Florida",20/09/2021,1939
BF-B,Brown–Forman,Consumer Staples,Distillers & Vintners,"Louisville, Kentucky",31/10/1982,1870
BLDR,Builders FirstSource,Industrials,Building Products,"Irving, Texas",18/12/2023,1998
BG,Bunge Global,Consumer Staples,Agricultural Products & Services,"Chesterfield, Missouri",15/03/2023,1818
BXP,"BXP, Inc.",Real Estate,Office REITs,"Boston, Massachusetts",03/04/2006,1970
CHRW,C.H. Robinson,Industrials,Air Freight & Logistics,"Eden Prairie, Minnesota",02/03/2007,1905
CDNS,Cadence Design Systems,Information Technology,Application Software,"San Jose, California",18/09/2017,1988
CPT,Camden Property Trust,Real Estate,Multi-Family Residential REITs,"Houston, Texas",04/04/2022,1981
COF,Capital One,Financials,Consumer Finance,"Tysons Corner, Virginia",01/07/1998,1994
CAH,Cardinal Health,Health Care,Health Care Distributors,"Dublin, Ohio",27/05/1997,1971
CCL,Carnival Corporation,Consumer Discretionary,"Hotels, Resorts & Cruise Lines","Miami, Florida",22/12/1998,1972
CARR,Carrier Global,Industrials,Building Products,"Palm Beach Gardens, Florida",03/04/2020,"2020 (1915, United Technologies spinoff)"
CVNA,Carvana,Consumer Discretionary,Automotive Retail,"Tempe, Arizona",22/12/2025,2012
CASY,Casey's,Consumer Staples,Food Retail,"Ankeny, Iowa",09/04/2026,1967
CAT,Caterpillar Inc.,Industrials,Construction Machinery & Heavy Transportation Equipment,"Irving, Texas",04/03/1957,1925
CBOE,Cboe Global Markets,Financials,Financial Exchanges & Data,"Chicago, Illinois",01/03/2017,1973
CBRE,CBRE Group,Real Estate,Real Estate Services,"Dallas, Texas",10/11/2006,1906
CDW,CDW Corporation,Information Technology,Technology Distributors,"Vernon Hills, Illinois",23/09/2019,1984
COR,Cencora,Health Care,Health Care Distributors,"Conshohocken, Pennsylvania",30/08/2001,1985
CNC,Centene Corporation,Health Care,Managed Health Care,"St. Louis, Missouri",30/03/2016,1984
CNP,CenterPoint Energy,Utilities,Multi-Utilities,"Houston, Texas",31/07/1985,1882
CF,CF Industries,Materials,Fertilizers & Agricultural Chemicals,"Deerfield, Illinois",27/08/2008,1946
CRL,Charles River Laboratories,Health Care,Life Sciences Tools & Services,"Wilmington, Massachusetts",14/05/2021,1947
SCHW,Charles Schwab Corporation,Financials,Investment Banking & Brokerage,"Westlake, Texas",02/06/1997,1971
CHTR,Charter Communications,Communication Services,Cable & Satellite,"Stamford, Connecticut",08/09/2016,1993
CVX,Chevron Corporation,Energy,Integrated Oil & Gas,"Houston, Texas",04/03/1957,1879
CMG,Chipotle Mexican Grill,Consumer Discretionary,Restaurants,"Newport Beach, California",28/04/2011,1993
CB,Chubb Limited,Financials,Property & Casualty Insurance,"Zurich, Switzerland",15/07/2010,1985
CHD,Church & Dwight,Consumer Staples,Household Products,"Ewing, New Jersey",29/12/2015,1847
CIEN,Ciena,Information Technology,Communications Equipment,"Hanover, Maryland",09/02/2026,1992
CI,Cigna,Health Care,Health Care Services,"Bloomfield, Connecticut",30/06/1976,1982
CINF,Cincinnati Financial,Financials,Property & Casualty Insurance,"Fairfield, Ohio",18/12/1997,1950
CTAS,Cintas,Industrials,Diversified Support Services,"Mason, Ohio",01/03/2001,1929
CSCO,Cisco,Information Technology,Communications Equipment,"San Jose, California",01/12/1993,1984
C,Citigroup,Financials,Diversified Banks,"New York City, New York",31/05/1988,1998
CFG,Citizens Financial Group,Financials,Regional Banks,"Providence, Rhode Island",29/01/2016,1828
CLX,Clorox,Consumer Staples,Household Products,"Oakland, California",31/03/1969,1913
CME,CME Group,Financials,Financial Exchanges & Data,"Chicago, Illinois",11/08/2006,1848
CMS,CMS Energy,Utilities,Multi-Utilities,"Jackson, Michigan",04/03/1957,1886
KO,Coca-Cola Company (The),Consumer Staples,Soft Drinks & Non-alcoholic Beverages,"Atlanta, Georgia",04/03/1957,1886
CTSH,Cognizant,Information Technology,IT Consulting & Other Services,"Teaneck, New Jersey",17/11/2006,1994
COHR,Coherent Corp.,Information Technology,Electronic Components,"Saxonburg, Pennsylvania",23/03/2026,1971
COIN,Coinbase,Financials,Financial Exchanges & Data,"New York City, New York",19/05/2025,2012
CL,Colgate-Palmolive,Consumer Staples,Household Products,"New York City, New York",04/03/1957,1806
CMCSA,Comcast,Communication Services,Cable & Satellite,"Philadelphia, Pennsylvania",19/11/2002,1963
FIX,Comfort Systems USA,Industrials,Construction & Engineering,"Houston, Texas",22/12/2025,1997
CAG,Conagra Brands,Consumer Staples,Packaged Foods & Meats,"Chicago, Illinois",31/08/1983,1919
COP,ConocoPhillips,Energy,Oil & Gas Exploration & Production,"Houston, Texas",04/03/1957,2002
ED,Consolidated Edison,Utilities,Multi-Utilities,"New York City, New York",04/03/1957,1823
STZ,Constellation Brands,Consumer Staples,Distillers & Vintners,"Rochester, New York",01/07/2005,1945
CEG,Constellation Energy,Utilities,Electric Utilities,"Baltimore, Maryland",02/02/2022,1999
COO,Cooper Companies (The),Health Care,Health Care Supplies,"San Ramon, California",23/09/2016,1958
CPRT,Copart,Industrials,Diversified Support Services,"Dallas, Texas",02/07/2018,1982
GLW,Corning Inc.,Information Technology,Electronic Components,"Corning, New York",27/02/1995,1851
CPAY,Corpay,Financials,Transaction & Payment Processing Services,"Atlanta, Georgia",20/06/2018,2000
CTVA,Corteva,Materials,Fertilizers & Agricultural Chemicals,"Indianapolis, Indiana",03/06/2019,2019
CSGP,CoStar Group,Real Estate,Real Estate Services,"Washington, D.C.",19/09/2022,1987
COST,Costco,Consumer Staples,Consumer Staples Merchandise Retail,"Issaquah, Washington",01/10/1993,1976
CRH,CRH plc,Materials,Construction Materials,"Dublin, Ireland",22/12/2025,1970
CRWD,CrowdStrike,Information Technology,Systems Software,"Austin, Texas",24/06/2024,2011
CCI,Crown Castle,Real Estate,Telecom Tower REITs,"Houston, Texas",14/03/2012,1994
CSX,CSX Corporation,Industrials,Rail Transportation,"Jacksonville, Florida",04/03/1957,1980
CMI,Cummins,Industrials,Construction Machinery & Heavy Transportation Equipment,"Columbus, Indiana",31/03/1965,1919
CVS,CVS Health,Health Care,Health Care Services,"Woonsocket, Rhode Island",04/03/1957,1996
DHR,Danaher Corporation,Health Care,Life Sciences Tools & Services,"Washington, D.C.",18/11/1998,1969
DRI,Darden Restaurants,Consumer Discretionary,Restaurants,"Orlando, Florida",31/05/1995,1938
DDOG,Datadog,Information Technology,Application Software,"New York City, New York",09/07/2025,2010
DVA,DaVita,Health Care,Health Care Services,"Denver, Colorado",31/07/2008,1979
DECK,Deckers Brands,Consumer Discretionary,Footwear,"Goleta, California",18/03/2024,1973
DE,Deere & Company,Industrials,Agricultural & Farm Machinery,"Moline, Illinois",04/03/1957,1837
DELL,Dell Technologies,Information Technology,"Technology Hardware, Storage & Peripherals","Round Rock, Texas",23/09/2024,2016
DAL,Delta Air Lines,Industrials,Passenger Airlines,"Atlanta, Georgia",11/09/2013,1929
DVN,Devon Energy,Energy,Oil & Gas Exploration & Production,"Oklahoma City, Oklahoma",30/08/2000,1971
DXCM,Dexcom,Health Care,Health Care Equipment,"San Diego, California",12/05/2020,1999
FANG,Diamondback Energy,Energy,Oil & Gas Exploration & Production,"Midland, Texas",03/12/2018,2007
DLR,Digital Realty,Real Estate,Data Center REITs,"Austin, Texas",18/05/2016,2004
DG,Dollar General,Consumer Staples,Consumer Staples Merchandise Retail,"Goodlettsville, Tennessee",03/12/2012,1939
DLTR,Dollar Tree,Consumer Staples,Consumer Staples Merchandise Retail,"Chesapeake, Virginia",19/12/2011,1986
D,Dominion Energy,Utilities,Multi-Utilities,"Richmond, Virginia",30/11/2016,1983
DPZ,Domino's,Consumer Discretionary,Restaurants,"Ann Arbor, Michigan",12/05/2020,1960
DASH,DoorDash,Consumer Discretionary,Specialized Consumer Services,"San Francisco, California",24/03/2025,2012
DOV,Dover Corporation,Industrials,Industrial Machinery & Supplies & Components,"Downers Grove, Illinois",31/10/1985,1955
DOW,Dow Inc.,Materials,Commodity Chemicals,"Midland, Michigan",01/04/2019,2019 (1897)
DHI,D. R. Horton,Consumer Discretionary,Homebuilding,"Arlington, Texas",22/06/2005,1978
DTE,DTE Energy,Utilities,Multi-Utilities,"Detroit, Michigan",04/03/1957,1995
DUK,Duke Energy,Utilities,Electric Utilities,"Charlotte, North Carolina",30/06/1976,1904
DD,DuPont,Materials,Specialty Chemicals,"Wilmington, Delaware",03/06/2019,2017 (1802)
ETN,Eaton Corporation,Industrials,Electrical Components & Equipment,"Dublin, Ireland",04/03/1957,1911
EBAY,eBay Inc.,Consumer Discretionary,Broadline Retail,"San Jose, California",22/07/2002,1995
SATS,EchoStar,Communication Services,Wireless Telecommunication Services,"Englewood, Colorado",23/03/2026,2008
ECL,Ecolab,Materials,Specialty Chemicals,"Saint Paul, Minnesota",31/01/1989,1923
EIX,Edison International,Utilities,Electric Utilities,"Rosemead, California",04/03/1957,1886
EW,Edwards Lifesciences,Health Care,Health Care Equipment,"Irvine, California",01/04/2011,1958
EA,Electronic Arts,Communication Services,Interactive Home Entertainment,"Redwood City, California",22/07/2002,1982
ELV,Elevance Health,Health Care,Managed Health Care,"Indianapolis, Indiana",25/07/2002,2014 (1946)
EME,Emcor,Industrials,Construction & Engineering,"Norwalk, Connecticut",22/09/2025,1994
EMR,Emerson Electric,Industrials,Electrical Components & Equipment,"Ferguson, Missouri",31/03/1965,1890
ETR,Entergy,Utilities,Electric Utilities,"New Orleans, Louisiana",04/03/1957,1913
EOG,EOG Resources,Energy,Oil & Gas Exploration & Production,"Houston, Texas",02/11/2000,1999
EQT,EQT Corporation,Energy,Oil & Gas Exploration & Production,"Pittsburgh, Pennsylvania",03/10/2022,1888
EFX,Equifax,Industrials,Research & Consulting Services,"Atlanta, Georgia",19/06/1997,1899
EQIX,Equinix,Real Estate,Data Center REITs,"Redwood City, California",20/03/2015,1998
EQR,Equity Residential,Real Estate,Multi-Family Residential REITs,"Chicago, Illinois",03/12/2001,1969
ERIE,Erie Indemnity,Financials,Insurance Brokers,"Erie, Pennsylvania",23/09/2024,1925
ESS,Essex Property Trust,Real Estate,Multi-Family Residential REITs,"San Mateo, California",02/04/2014,1971
EL,Estée Lauder Companies (The),Consumer Staples,Personal Care Products,"New York City, New York",05/01/2006,1946
EG,Everest Group,Financials,Reinsurance,"Hamilton, Bermuda",19/06/2017,1973
EVRG,Evergy,Utilities,Electric Utilities,"Kansas City, Missouri",05/06/2018,1909
ES,Eversource Energy,Utilities,Electric Utilities,"Hartford, Connecticut",24/07/2009,1966
EXC,Exelon,Utilities,Electric Utilities,"Chicago, Illinois",04/03/1957,2000
EXE,Expand Energy,Energy,Oil & Gas Exploration & Production,"Oklahoma City, Oklahoma",24/03/2025,1989
EXPE,Expedia Group,Consumer Discretionary,"Hotels, Resorts & Cruise Lines","Seattle, Washington",02/10/2007,1996
EXPD,Expeditors International,Industrials,Air Freight & Logistics,"Seattle, Washington",10/10/2007,1979
EXR,Extra Space Storage,Real Estate,Self-Storage REITs,"Salt Lake City, Utah",19/01/2016,1977
XOM,ExxonMobil,Energy,Integrated Oil & Gas,"Irving, Texas",04/03/1957,1999
FFIV,"F5, Inc.",Information Technology,Communications Equipment,"Seattle, Washington",20/12/2010,1996
FDS,FactSet,Financials,Financial Exchanges & Data,"Norwalk, Connecticut",20/12/2021,1978
FICO,Fair Isaac,Information Technology,Application Software,"Bozeman, Montana",20/03/2023,1956
FAST,Fastenal,Industrials,Trading Companies & Distributors,"Winona, Minnesota",15/09/2008,1967
FRT,Federal Realty Investment Trust,Real Estate,Retail REITs,"Rockville, Maryland",01/02/2016,1962
FDX,FedEx,Industrials,Air Freight & Logistics,"Memphis, Tennessee",31/12/1980,1971
FDXF,FedEx Freight,Industrials,Cargo Ground Transportation,"Memphis, Tennessee",01/06/2026,1982
FIS,Fidelity National Information Services,Financials,Transaction & Payment Processing Services,"Jacksonville, Florida",10/11/2006,1968
FITB,Fifth Third Bancorp,Financials,Regional Banks,"Cincinnati, Ohio",29/03/1996,1858
FSLR,First Solar,Information Technology,Semiconductors,"Tempe, Arizona",19/12/2022,1999
FE,FirstEnergy,Utilities,Electric Utilities,"Akron, Ohio",28/11/1997,1997
FISV,Fiserv,Financials,Transaction & Payment Processing Services,"Brookfield, Wisconsin",02/04/2001,1984
FLEX,Flex Ltd.,Information Technology,Electronic Manufacturing Services,"Austin, Texas",22/06/2026,1969
F,Ford Motor Company,Consumer Discretionary,Automobile Manufacturers,"Dearborn, Michigan",04/03/1957,1903
FTNT,Fortinet,Information Technology,Systems Software,"Sunnyvale, California",11/10/2018,2000
FTV,Fortive,Industrials,Industrial Machinery & Supplies & Components,"Everett, Washington",01/07/2016,2016
FOXA,Fox Corporation (Class A),Communication Services,Broadcasting,"New York City, New York",19/03/2019,2019
FOX,Fox Corporation (Class B),Communication Services,Broadcasting,"New York City, New York",19/03/2019,2019
BEN,Franklin Resources,Financials,Asset Management & Custody Banks,"San Mateo, California",30/04/1998,1947
FCX,Freeport-McMoRan,Materials,Copper,"Phoenix, Arizona",01/07/2011,1912
GRMN,Garmin,Consumer Discretionary,Consumer Electronics,"Schaffhausen, Switzerland",12/12/2012,1989
IT,Gartner,Information Technology,IT Consulting & Other Services,"Stamford, Connecticut",05/04/2017,1979
GE,GE Aerospace,Industrials,Aerospace & Defense,"Evendale, Ohio",04/03/1957,1892
GEHC,GE HealthCare,Health Care,Health Care Equipment,"Chicago, Illinois",04/01/2023,1994
GEV,GE Vernova,Industrials,Heavy Electrical Equipment,"Cambridge, Massachusetts",02/04/2024,2024
GEN,Gen Digital,Information Technology,Systems Software,"Tempe, Arizona",25/03/2003,1982
GNRC,Generac,Industrials,Electrical Components & Equipment,"Waukesha, Wisconsin",22/03/2021,1959
GD,General Dynamics,Industrials,Aerospace & Defense,"Reston, Virginia",04/03/1957,1899
GIS,General Mills,Consumer Staples,Packaged Foods & Meats,"Golden Valley, Minnesota",04/03/1957,1856
GM,General Motors,Consumer Discretionary,Automobile Manufacturers,"Detroit, Michigan",06/06/2013,1908
GPC,Genuine Parts Company,Consumer Discretionary,Distributors,"Atlanta, Georgia",31/12/1973,1925
GILD,Gilead Sciences,Health Care,Biotechnology,"Foster City, California",01/07/2004,1987
GPN,Global Payments,Financials,Transaction & Payment Processing Services,"Atlanta, Georgia",25/04/2016,2000
GL,Globe Life,Financials,Life & Health Insurance,"McKinney, Texas",30/04/1989,1900
GDDY,GoDaddy,Information Technology,Internet Services & Infrastructure,"Tempe, Arizona",24/06/2024,1997
GS,Goldman Sachs,Financials,Investment Banking & Brokerage,"New York City, New York",22/07/2002,1869
HAL,Halliburton,Energy,Oil & Gas Equipment & Services,"Houston, Texas",04/03/1957,1919
HIG,Hartford (The),Financials,Property & Casualty Insurance,"Hartford, Connecticut",04/03/1957,1810
HAS,Hasbro,Consumer Discretionary,Leisure Products,"Pawtucket, Rhode Island",30/09/1984,1923
HCA,HCA Healthcare,Health Care,Health Care Facilities,"Nashville, Tennessee",27/01/2015,1968
DOC,Healthpeak Properties,Real Estate,Health Care REITs,"Denver, Colorado",31/03/2008,1985
HSIC,Henry Schein,Health Care,Health Care Distributors,"Melville, New York",17/03/2015,1932
HSY,Hershey Company (The),Consumer Staples,Packaged Foods & Meats,"Hershey, Pennsylvania",04/03/1957,1894
HPE,Hewlett Packard Enterprise,Information Technology,"Technology Hardware, Storage & Peripherals","Houston, Texas",02/11/2015,2015
HLT,Hilton Worldwide,Consumer Discretionary,"Hotels, Resorts & Cruise Lines","Tysons Corner, Virginia",19/06/2017,1919
HD,Home Depot (The),Consumer Discretionary,Home Improvement Retail,"Atlanta, Georgia",31/03/1988,1978
HON,Honeywell,Industrials,Industrial Conglomerates,"Charlotte, North Carolina",04/03/1957,1906
HRL,Hormel Foods,Consumer Staples,Packaged Foods & Meats,"Austin, Minnesota",04/03/2009,1891
HST,Host Hotels & Resorts,Real Estate,Hotel & Resort REITs,"Bethesda, Maryland",20/03/2007,1993
HWM,Howmet Aerospace,Industrials,Aerospace & Defense,"Pittsburgh, Pennsylvania",21/10/2016,1888
HPQ,HP Inc.,Information Technology,"Technology Hardware, Storage & Peripherals","Palo Alto, California",31/12/1974,1939 (2015)
HUBB,Hubbell Incorporated,Industrials,Industrial Machinery & Supplies & Components,"Shelton, Connecticut",18/10/2023,1888
HUM,Humana,Health Care,Managed Health Care,"Louisville, Kentucky",10/12/2012,1961
HBAN,Huntington Bancshares,Financials,Regional Banks,"Columbus, Ohio; Detroit, Michigan",28/08/1997,1866
HII,Huntington Ingalls Industries,Industrials,Aerospace & Defense,"Newport News, Virginia",03/01/2018,2011
IBM,IBM,Information Technology,IT Consulting & Other Services,"Armonk, New York",04/03/1957,1911
IEX,IDEX Corporation,Industrials,Industrial Machinery & Supplies & Components,"Northbrook, Illinois",09/08/2019,1988
IDXX,Idexx Laboratories,Health Care,Health Care Equipment,"Westbrook, Maine",05/01/2017,1983
ITW,Illinois Tool Works,Industrials,Industrial Machinery & Supplies & Components,"Glenview, Illinois",28/02/1986,1912
INCY,Incyte,Health Care,Biotechnology,"Wilmington, Delaware",28/02/2017,1991
IR,Ingersoll Rand,Industrials,Industrial Machinery & Supplies & Components,"Davidson, North Carolina",03/03/2020,1859
PODD,Insulet Corporation,Health Care,Health Care Equipment,"Acton, Massachusetts",15/03/2023,2000
INTC,Intel,Information Technology,Semiconductors,"Santa Clara, California",31/12/1976,1968
IBKR,Interactive Brokers,Financials,Investment Banking & Brokerage,"Greenwich, Connecticut",28/08/2025,1977
ICE,Intercontinental Exchange,Financials,Financial Exchanges & Data,"Atlanta, Georgia",26/09/2007,2000
IFF,International Flavors & Fragrances,Materials,Specialty Chemicals,"New York City, New York",31/03/1976,1958 (1889)
IP,International Paper,Materials,Paper & Plastic Packaging Products & Materials,"Memphis, Tennessee",04/03/1957,1898
INTU,Intuit,Information Technology,Application Software,"Mountain View, California",05/12/2000,1983
ISRG,Intuitive Surgical,Health Care,Health Care Equipment,"Sunnyvale, California",02/06/2008,1995
IVZ,Invesco,Financials,Asset Management & Custody Banks,"Atlanta, Georgia",21/08/2008,1935
INVH,Invitation Homes,Real Estate,Single-Family Residential REITs,"Dallas, Texas",19/09/2022,2012
IQV,IQVIA,Health Care,Life Sciences Tools & Services,"Durham, North Carolina",29/08/2017,1982
IRM,Iron Mountain,Real Estate,Other Specialized REITs,"Portsmouth, New Hampshire",06/01/2009,1951
JBHT,J.B. Hunt,Industrials,Cargo Ground Transportation,"Lowell, Arkansas",01/07/2015,1961
JBL,Jabil,Information Technology,Electronic Manufacturing Services,"St. Petersburg, Florida",18/12/2023,1966
JKHY,Jack Henry & Associates,Financials,Transaction & Payment Processing Services,"Monett, Missouri",13/11/2018,1976
J,Jacobs Solutions,Industrials,Construction & Engineering,"Dallas, Texas",26/10/2007,1947
JNJ,Johnson & Johnson,Health Care,Pharmaceuticals,"New Brunswick, New Jersey",30/06/1973,1886
JCI,Johnson Controls,Industrials,Building Products,"Cork, Ireland",27/08/2010,1885
JPM,JPMorgan Chase,Financials,Diversified Banks,"New York City, New York",30/06/1975,2000 (1799 / 1871)
KVUE,Kenvue,Consumer Staples,Personal Care Products,"Skillman, New Jersey",25/08/2023,2022 (Johnson & Johnson spinoff)
KDP,Keurig Dr Pepper,Consumer Staples,Soft Drinks & Non-alcoholic Beverages,"Burlington, Massachusetts",21/06/2022,1981
KEY,KeyCorp,Financials,Regional Banks,"Cleveland, Ohio",01/03/1994,1825
KEYS,Keysight Technologies,Information Technology,Electronic Equipment & Instruments,"Santa Rosa, California",06/11/2018,2014 (1939)
KMB,Kimberly-Clark,Consumer Staples,Household Products,"Irving, Texas",04/03/1957,1872
KIM,Kimco Realty,Real Estate,Retail REITs,"Jericho, New York",04/04/2006,1958
KMI,Kinder Morgan,Energy,Oil & Gas Storage & Transportation,"Houston, Texas",25/05/2012,1997
KKR,KKR & Co.,Financials,Asset Management & Custody Banks,"New York City, New York",24/06/2024,1976
KLAC,KLA Corporation,Information Technology,Semiconductor Materials & Equipment,"Milpitas, California",30/09/1997,1975/1977 (1997)
KHC,Kraft Heinz,Consumer Staples,Packaged Foods & Meats,"Chicago, Illinois; Pittsburgh, Pennsylvania",06/07/2015,2015 (1869)
KR,Kroger,Consumer Staples,Food Retail,"Cincinnati, Ohio",04/03/1957,1883
LHX,L3Harris,Industrials,Aerospace & Defense,"Melbourne, Florida",22/09/2008,"2019 (L3 1997, Harris 1895)"
LH,Labcorp,Health Care,Health Care Services,"Burlington, North Carolina",01/11/2004,1978
LRCX,Lam Research,Information Technology,Semiconductor Materials & Equipment,"Fremont, California",29/06/2012,1980
LVS,Las Vegas Sands,Consumer Discretionary,Casinos & Gaming,"Las Vegas, Nevada",03/10/2019,1988
LDOS,Leidos,Industrials,Diversified Support Services,"Reston, Virginia",09/08/2019,1969
LEN,Lennar,Consumer Discretionary,Homebuilding,"Miami, Florida",04/10/2005,1954
LII,Lennox International,Industrials,Building Products,"Richardson, Texas",23/12/2024,1895
LLY,Lilly (Eli),Health Care,Pharmaceuticals,"Indianapolis, Indiana",31/12/1970,1876
LIN,Linde plc,Materials,Industrial Gases,"Guildford, United Kingdom",01/07/1992,1879
LYV,Live Nation Entertainment,Communication Services,Movies & Entertainment,"Beverly Hills, California",23/12/2019,2010
LMT,Lockheed Martin,Industrials,Aerospace & Defense,"Bethesda, Maryland",04/03/1957,1995
L,Loews Corporation,Financials,Multi-line Insurance,"New York City, New York",31/05/1995,1959
LOW,Lowe's,Consumer Discretionary,Home Improvement Retail,"Mooresville, North Carolina",29/02/1984,1904/1946/1959
LULU,Lululemon Athletica,Consumer Discretionary,"Apparel, Accessories & Luxury Goods","Vancouver, Canada",18/10/2023,1998
LITE,Lumentum,Information Technology,Communications Equipment,"San Jose, California",23/03/2026,2015
LYB,LyondellBasell,Materials,Specialty Chemicals,"Rotterdam, Netherlands",05/09/2012,2007
MTB,M&T Bank,Financials,Regional Banks,"Buffalo, New York",23/02/2004,1856
MPC,Marathon Petroleum,Energy,Oil & Gas Refining & Marketing,"Findlay, Ohio",01/07/2011,2009 (1887)
MAR,Marriott International,Consumer Discretionary,"Hotels, Resorts & Cruise Lines","Bethesda, Maryland",29/05/1998,1927
MRSH,Marsh McLennan,Financials,Insurance Brokers,"New York City, New York",31/08/1987,1905
MLM,Martin Marietta Materials,Materials,Construction Materials,"Raleigh, North Carolina",02/07/2014,1993
MRVL,Marvell Technology,Information Technology,Semiconductors,"Santa Clara, California",22/06/2026,1995
MAS,Masco,Industrials,Building Products,"Livonia, Michigan",30/06/1981,1929
MA,Mastercard,Financials,Transaction & Payment Processing Services,"Harrison, New York",18/07/2008,1966
MKC,McCormick & Company,Consumer Staples,Packaged Foods & Meats,"Hunt Valley, Maryland",20/03/2003,1889
MCD,McDonald's,Consumer Discretionary,Restaurants,"Chicago, Illinois",30/06/1970,1940
MCK,McKesson Corporation,Health Care,Health Care Distributors,"Irving, Texas",13/01/1999,1833
MDT,Medtronic,Health Care,Health Care Equipment,"Galway, Ireland",31/10/1986,1949
MRK,Merck & Co.,Health Care,Pharmaceuticals,"Kenilworth, New Jersey",04/03/1957,1891
META,Meta Platforms,Communication Services,Interactive Media & Services,"Menlo Park, California",23/12/2013,2004
MET,MetLife,Financials,Life & Health Insurance,"New York City, New York",11/12/2000,1868
MTD,Mettler Toledo,Health Care,Life Sciences Tools & Services,"Columbus, Ohio",06/09/2016,1945
MGM,MGM Resorts,Consumer Discretionary,Casinos & Gaming,"Paradise, Nevada",26/07/2017,1986
MCHP,Microchip Technology,Information Technology,Semiconductors,"Chandler, Arizona",07/09/2007,1989
MU,Micron Technology,Information Technology,Semiconductors,"Boise, Idaho",27/09/1994,1978
MSFT,Microsoft,Information Technology,Systems Software,"Redmond, Washington",01/06/1994,1975
MAA,Mid-America Apartment Communities,Real Estate,Multi-Family Residential REITs,"Memphis, Tennessee",02/12/2016,1977
MRNA,Moderna,Health Care,Biotechnology,"Cambridge, Massachusetts",21/07/2021,2010
TAP,Molson Coors Beverage Company,Consumer Staples,Brewers,"Chicago, Illinois",30/06/1976,"2005 (Molson 1786, Coors 1873)"
MDLZ,Mondelez International,Consumer Staples,Packaged Foods & Meats,"Chicago, Illinois",02/10/2012,2012
MPWR,Monolithic Power Systems,Information Technology,Semiconductors,"Kirkland, Washington",12/02/2021,1997
MNST,Monster Beverage,Consumer Staples,Soft Drinks & Non-alcoholic Beverages,"Corona, California",28/06/2012,2012 (1935)
MCO,Moody's Corporation,Financials,Financial Exchanges & Data,"New York City, New York",01/07/1998,1909
MS,Morgan Stanley,Financials,Investment Banking & Brokerage,"New York City, New York",29/07/1993,1935
MOS,Mosaic Company (The),Materials,Fertilizers & Agricultural Chemicals,"Tampa, Florida",26/09/2011,2004 (1865 / 1909)
MSI,Motorola Solutions,Information Technology,Communications Equipment,"Chicago, Illinois",04/03/1957,1928 (2011)
MSCI,MSCI Inc.,Financials,Financial Exchanges & Data,"New York City, New York",04/04/2018,1969
NDAQ,"Nasdaq, Inc.",Financials,Financial Exchanges & Data,"New York City, New York",22/10/2008,1971
NTAP,NetApp,Information Technology,"Technology Hardware, Storage & Peripherals","San Jose, California",25/06/1999,1992
NFLX,Netflix,Communication Services,Movies & Entertainment,"Los Gatos, California",20/12/2010,1997
NEM,Newmont,Materials,Gold,"Denver, Colorado",30/06/1969,1921
NWSA,News Corp (Class A),Communication Services,Publishing,"New York City, New York",01/08/2013,2013 (News Corporation 1980)
NWS,News Corp (Class B),Communication Services,Publishing,"New York City, New York",18/09/2015,2013 (News Corporation 1980)
NEE,NextEra Energy,Utilities,Multi-Utilities,"Juno Beach, Florida",30/06/1976,1984 (1925)
NKE,"Nike, Inc.",Consumer Discretionary,"Apparel, Accessories & Luxury Goods","Washington County, Oregon",30/11/1988,1964
NI,NiSource,Utilities,Multi-Utilities,"Merrillville, Indiana",02/11/2000,1912
NDSN,Nordson Corporation,Industrials,Industrial Machinery & Supplies & Components,"Westlake, Ohio",15/02/2022,1935
NSC,Norfolk Southern,Industrials,Rail Transportation,"Atlanta, Georgia",04/03/1957,1881/1894 (1980)
NTRS,Northern Trust,Financials,Asset Management & Custody Banks,"Chicago, Illinois",30/01/1998,1889
NOC,Northrop Grumman,Industrials,Aerospace & Defense,"West Falls Church, Virginia[3]",04/03/1957,"1994 (Northrop 1939, Grumman 1930)"
NCLH,Norwegian Cruise Line Holdings,Consumer Discretionary,"Hotels, Resorts & Cruise Lines","Miami-Dade County, Florida[4]",13/10/2017,2011 (1966)
NRG,NRG Energy,Utilities,Independent Power Producers & Energy Traders,"Houston, Texas",29/01/2010,1992
NUE,Nucor,Materials,Steel,"Charlotte, North Carolina",30/04/1985,1940
NVDA,Nvidia,Information Technology,Semiconductors,"Santa Clara, California",30/11/2001,1993
NVR,"NVR, Inc.",Consumer Discretionary,Homebuilding,"Reston, Virginia",26/09/2019,1980
NXPI,NXP Semiconductors,Information Technology,Semiconductors,"Eindhoven, Netherlands",22/03/2021,1953
ORLY,O’Reilly Automotive,Consumer Discretionary,Automotive Retail,"Springfield, Missouri",27/03/2009,1957
OXY,Occidental Petroleum,Energy,Oil & Gas Exploration & Production,"Houston, Texas",04/03/1957,1920
ODFL,Old Dominion,Industrials,Cargo Ground Transportation,"Thomasville, North Carolina",09/12/2019,1934
OMC,Omnicom Group,Communication Services,Advertising,"New York City, New York",31/12/1997,1986
ON,ON Semiconductor,Information Technology,Semiconductors,"Phoenix, Arizona",21/06/2022,1999
OKE,Oneok,Energy,Oil & Gas Storage & Transportation,"Tulsa, Oklahoma",15/03/2010,1906
ORCL,Oracle Corporation,Information Technology,Application Software,"Austin, Texas",31/08/1989,1977
OTIS,Otis Worldwide,Industrials,Industrial Machinery & Supplies & Components,"Farmington, Connecticut",03/04/2020,"2020 (1853, United Technologies spinoff)"
PCAR,Paccar,Industrials,Construction Machinery & Heavy Transportation Equipment,"Bellevue, Washington",31/12/1980,1905
PKG,Packaging Corporation of America,Materials,Paper & Plastic Packaging Products & Materials,"Lake Forest, Illinois",26/07/2017,1959
PLTR,Palantir Technologies,Information Technology,Application Software,"Aventura, Florida",23/09/2024,2003
PANW,Palo Alto Networks,Information Technology,Systems Software,"Santa Clara, California",20/06/2023,2005
PSKY,Paramount Skydance Corporation,Communication Services,Movies & Entertainment,"Los Angeles, California",30/09/1994,2025 (Paramount Pictures 1912)
PH,Parker Hannifin,Industrials,Industrial Machinery & Supplies & Components,"Cleveland, Ohio",30/11/1985,1917
PAYX,Paychex,Industrials,Human Resource & Employment Services,"Penfield, New York",01/10/1998,1971
PYPL,PayPal,Financials,Transaction & Payment Processing Services,"San Jose, California",20/07/2015,1998
PNR,Pentair,Industrials,Industrial Machinery & Supplies & Components,"Worsley, United Kingdom",01/10/2012,1966
PEP,PepsiCo,Consumer Staples,Soft Drinks & Non-alcoholic Beverages,"Purchase, New York",04/03/1957,1898
PFE,Pfizer,Health Care,Pharmaceuticals,"New York City, New York",04/03/1957,1849
PCG,PG&E Corporation,Utilities,Multi-Utilities,"Oakland, California",03/10/2022,1905
PM,Philip Morris International,Consumer Staples,Tobacco,"New York City, New York",31/03/2008,2008 (1847)
PSX,Phillips 66,Energy,Oil & Gas Refining & Marketing,"Houston, Texas",01/05/2012,2012 (1917)
PNW,Pinnacle West Capital,Utilities,Multi-Utilities,"Phoenix, Arizona",04/10/1999,1985
PNC,PNC Financial Services,Financials,Diversified Banks,"Pittsburgh, Pennsylvania",30/04/1988,1845
PPG,PPG Industries,Materials,Specialty Chemicals,"Pittsburgh, Pennsylvania",04/03/1957,1883
PPL,PPL Corporation,Utilities,Electric Utilities,"Allentown, Pennsylvania",01/10/2001,1920
PFG,Principal Financial Group,Financials,Life & Health Insurance,"Des Moines, Iowa",22/07/2002,1879
PG,Procter & Gamble,Consumer Staples,Personal Care Products,"Cincinnati, Ohio",04/03/1957,1837
PGR,Progressive Corporation,Financials,Property & Casualty Insurance,"Mayfield Village, Ohio",04/08/1997,1937
PLD,Prologis,Real Estate,Industrial REITs,"San Francisco, California",17/07/2003,1983
PRU,Prudential Financial,Financials,Life & Health Insurance,"Newark, New Jersey",22/07/2002,1875
PEG,Public Service Enterprise Group,Utilities,Electric Utilities,"Newark, New Jersey",04/03/1957,1903
PTC,PTC Inc.,Information Technology,Application Software,"Boston, Massachusetts",20/04/2021,1985
PSA,Public Storage,Real Estate,Self-Storage REITs,"Glendale, California",19/08/2005,1972
PHM,PulteGroup,Consumer Discretionary,Homebuilding,"Atlanta, Georgia",30/04/1984,1956
PWR,Quanta Services,Industrials,Construction & Engineering,"Houston, Texas",01/07/2009,1997
QCOM,Qualcomm,Information Technology,Semiconductors,"San Diego, California",22/07/1999,1985
DGX,Quest Diagnostics,Health Care,Health Care Services,"Secaucus, New Jersey",12/12/2002,1967
Q,Qnity Electronics,Information Technology,Semiconductor Materials & Equipment,"Wilmington, Delaware",03/11/2025,2025
RL,Ralph Lauren Corporation,Consumer Discretionary,"Apparel, Accessories & Luxury Goods","New York City, New York",02/02/2007,1967
RJF,Raymond James Financial,Financials,Investment Banking & Brokerage,"St. Petersburg, Florida",20/03/2017,1962
RTX,RTX Corporation,Industrials,Aerospace & Defense,"Waltham, Massachusetts",04/03/1957,1922
O,Realty Income,Real Estate,Retail REITs,"San Diego, California",07/04/2015,1969
REG,Regency Centers,Real Estate,Retail REITs,"Jacksonville, Florida",02/03/2017,1963
REGN,Regeneron Pharmaceuticals,Health Care,Biotechnology,"Tarrytown, New York",01/05/2013,1988
RF,Regions Financial Corporation,Financials,Regional Banks,"Birmingham, Alabama",28/08/1998,1971
RSG,Republic Services,Industrials,Environmental & Facilities Services,"Phoenix, Arizona",05/12/2008,1998 (1981)
RMD,ResMed,Health Care,Health Care Equipment,"San Diego, California",26/07/2017,1989
RVTY,Revvity,Health Care,Health Care Equipment,"Waltham, Massachusetts",31/05/1985,1937
HOOD,Robinhood Markets,Financials,Investment Banking & Brokerage,"Menlo Park, California",22/09/2025,2013
ROK,Rockwell Automation,Industrials,Electrical Components & Equipment,"Milwaukee, Wisconsin",12/03/2000,1903
ROL,"Rollins, Inc.",Industrials,Environmental & Facilities Services,"Atlanta, Georgia",01/10/2018,1948
ROP,Roper Technologies,Information Technology,Electronic Equipment & Instruments,"Sarasota, Florida",23/12/2009,1981
ROST,Ross Stores,Consumer Discretionary,Apparel Retail,"Dublin, California",21/12/2009,1982
RCL,Royal Caribbean Group,Consumer Discretionary,"Hotels, Resorts & Cruise Lines","Miami, Florida",05/12/2014,1997
SPGI,S&P Global,Financials,Financial Exchanges & Data,"New York City, New York",04/03/1957,1917
CRM,Salesforce,Information Technology,Application Software,"San Francisco, California",15/09/2008,1999
SNDK,Sandisk,Information Technology,"Technology Hardware, Storage & Peripherals","Milpitas, California",28/11/2025,1988
SBAC,SBA Communications,Real Estate,Telecom Tower REITs,"Boca Raton, Florida",01/09/2017,1989
SLB,Schlumberger,Energy,Oil & Gas Equipment & Services,"Houston, Texas",04/03/1957,1926
STX,Seagate Technology,Information Technology,"Technology Hardware, Storage & Peripherals","Dublin, Ireland",02/07/2012,1979
SRE,Sempra,Utilities,Multi-Utilities,"San Diego, California",17/03/2017,1998
NOW,ServiceNow,Information Technology,Systems Software,"Santa Clara, California",21/11/2019,2003
SHW,Sherwin-Williams,Materials,Specialty Chemicals,"Cleveland, Ohio",30/06/1964,1866
SPG,Simon Property Group,Real Estate,Retail REITs,"Indianapolis, Indiana",26/06/2002,2003
SWKS,Skyworks Solutions,Information Technology,Semiconductors,"Irvine, California",12/03/2015,2002
SJM,J.M. Smucker Company (The),Consumer Staples,Packaged Foods & Meats,"Orrville, Ohio",06/11/2008,1897
SW,Smurfit Westrock,Materials,Paper & Plastic Packaging Products & Materials,"Dublin, Ireland",08/07/2024,1934
SNA,Snap-on,Industrials,Industrial Machinery & Supplies & Components,"Kenosha, Wisconsin",30/09/1982,1920
SOLV,Solventum,Health Care,Health Care Technology,"Saint Paul, Minnesota",01/04/2024,2023
SO,Southern Company,Utilities,Electric Utilities,"Atlanta, Georgia",04/03/1957,1945
LUV,Southwest Airlines,Industrials,Passenger Airlines,"Dallas, Texas",01/07/1994,1967
SWK,Stanley Black & Decker,Industrials,Industrial Machinery & Supplies & Components,"New Britain, Connecticut",30/09/1982,1843
SBUX,Starbucks,Consumer Discretionary,Restaurants,"Seattle, Washington",07/06/2000,1971
STT,State Street Corporation,Financials,Asset Management & Custody Banks,"Boston, Massachusetts",14/03/2003,1792
STLD,Steel Dynamics,Materials,Steel,"Fort Wayne, Indiana",22/12/2022,1993
STE,Steris,Health Care,Health Care Equipment,"Dublin, Ireland",23/12/2019,1985
SYK,Stryker Corporation,Health Care,Health Care Equipment,"Kalamazoo, Michigan",12/12/2000,1941
SMCI,Supermicro,Information Technology,"Technology Hardware, Storage & Peripherals","San Jose, California",18/03/2024,1993
SYF,Synchrony Financial,Financials,Consumer Finance,"Stamford, Connecticut",18/11/2015,2003
SNPS,Synopsys,Information Technology,Application Software,"Sunnyvale, California",16/03/2017,1986
SYY,Sysco,Consumer Staples,Food Distributors,"Houston, Texas",31/12/1986,1969
TMUS,T-Mobile US,Communication Services,Wireless Telecommunication Services,"Bellevue, Washington",15/07/2019,1994
TROW,T. Rowe Price,Financials,Asset Management & Custody Banks,"Baltimore, Maryland",29/07/2019,1937
TTWO,Take-Two Interactive,Communication Services,Interactive Home Entertainment,"New York City, New York",19/03/2018,1993
TPR,"Tapestry, Inc.",Consumer Discretionary,"Apparel, Accessories & Luxury Goods","New York City, New York",01/09/2004,2017
TRGP,Targa Resources,Energy,Oil & Gas Storage & Transportation,"Houston, Texas",12/10/2022,2005
TGT,Target Corporation,Consumer Staples,Consumer Staples Merchandise Retail,"Minneapolis, Minnesota",31/12/1976,1902
TEL,TE Connectivity,Information Technology,Electronic Manufacturing Services,"Galway, Ireland",17/10/2011,2007
TDY,Teledyne Technologies,Information Technology,Electronic Equipment & Instruments,"Thousand Oaks, California",22/06/2020,1960
TER,Teradyne,Information Technology,Semiconductor Materials & Equipment,"North Reading, Massachusetts",21/09/2020,1960
TSLA,"Tesla, Inc.",Consumer Discretionary,Automobile Manufacturers,"Austin, Texas",21/12/2020,2003
TXN,Texas Instruments,Information Technology,Semiconductors,"Dallas, Texas",12/03/2001,1930
TPL,Texas Pacific Land Corporation,Energy,Oil & Gas Exploration & Production,"Dallas, Texas",26/11/2024,1888
TXT,Textron,Industrials,Aerospace & Defense,"Providence, Rhode Island",31/12/1978,1923
TMO,Thermo Fisher Scientific,Health Care,Life Sciences Tools & Services,"Waltham, Massachusetts",03/08/2004,2006 (1902)
TJX,TJX Companies,Consumer Discretionary,Apparel Retail,"Framingham, Massachusetts",30/09/1985,1987
TKO,TKO Group Holdings,Communication Services,Movies & Entertainment,"New York City, New York",24/03/2025,2023
TTD,Trade Desk (The),Communication Services,Advertising,"Ventura, California",18/07/2025,2009
TSCO,Tractor Supply,Consumer Discretionary,Other Specialty Retail,"Brentwood, Tennessee",24/01/2014,1938
TT,Trane Technologies,Industrials,Building Products,"Dublin, Ireland",17/11/2010,1871
TDG,TransDigm Group,Industrials,Aerospace & Defense,"Cleveland, Ohio",03/06/2016,1993
TRV,Travelers Companies (The),Financials,Property & Casualty Insurance,"New York City, New York",21/08/2002,1853
TRMB,Trimble Inc.,Information Technology,Application Software,"Westminster, Colorado",21/01/2021,1978
TFC,Truist Financial,Financials,Diversified Banks,"Charlotte, North Carolina",04/12/1997,1872
TYL,Tyler Technologies,Information Technology,Application Software,"Plano, Texas",22/06/2020,1966
TSN,Tyson Foods,Consumer Staples,Packaged Foods & Meats,"Springdale, Arkansas",10/08/2005,1935
USB,U.S. Bancorp,Financials,Diversified Banks,"Minneapolis, Minnesota",01/11/1999,1968
UBER,Uber,Industrials,Passenger Ground Transportation,"San Francisco, California",18/12/2023,2009
UDR,"UDR, Inc.",Real Estate,Multi-Family Residential REITs,"Highlands Ranch, Colorado",07/03/2016,1972
ULTA,Ulta Beauty,Consumer Discretionary,Other Specialty Retail,"Bolingbrook, Illinois",18/04/2016,1990
UNP,Union Pacific Corporation,Industrials,Rail Transportation,"Omaha, Nebraska",04/03/1957,1862
UAL,United Airlines Holdings,Industrials,Passenger Airlines,"Chicago, Illinois",03/09/2015,1967
UPS,United Parcel Service,Industrials,Air Freight & Logistics,"Sandy Springs, Georgia",22/07/2002,1907
URI,United Rentals,Industrials,Trading Companies & Distributors,"Stamford, Connecticut",20/09/2014,1997
UNH,UnitedHealth Group,Health Care,Managed Health Care,"Eden Prairie, Minnesota",01/07/1994,1977
UHS,Universal Health Services,Health Care,Health Care Facilities,"King of Prussia, Pennsylvania",20/09/2014,1979
VLO,Valero Energy,Energy,Oil & Gas Refining & Marketing,"San Antonio, Texas",20/12/2002,1980
VEEV,Veeva Systems,Health Care,Health Care Technology,"Pleasanton, California",07/05/2026,2007
VTR,Ventas,Real Estate,Health Care REITs,"Chicago, Illinois",04/03/2009,1998
VLTO,Veralto,Industrials,Environmental & Facilities Services,"Waltham, Massachusetts",02/10/2023,2023
VRSN,Verisign,Information Technology,Internet Services & Infrastructure,"Reston, Virginia",01/02/2006,1995
VRSK,Verisk Analytics,Industrials,Research & Consulting Services,"Jersey City, New Jersey",08/10/2015,1971
VZ,Verizon,Communication Services,Integrated Telecommunication Services,"New York City, New York",30/11/1983,1983 (1877)
VRTX,Vertex Pharmaceuticals,Health Care,Biotechnology,"Boston, Massachusetts",23/09/2013,1989
VRT,Vertiv,Industrials,Electrical Components & Equipment,"Westerville, Ohio",23/03/2026,2016
VTRS,Viatris,Health Care,Pharmaceuticals,"Pittsburgh, Pennsylvania",23/04/2004,1961
VICI,Vici Properties,Real Estate,Hotel & Resort REITs,"New York City, New York",08/06/2022,2017
V,Visa Inc.,Financials,Transaction & Payment Processing Services,"San Francisco, California",21/12/2009,1958
VST,Vistra Corp.,Utilities,Electric Utilities,"Irving, Texas",08/05/2024,2016
VMC,Vulcan Materials Company,Materials,Construction Materials,"Birmingham, Alabama",30/06/1999,1909
WRB,W. R. Berkley Corporation,Financials,Property & Casualty Insurance,"Greenwich, Connecticut",05/12/2019,1967
GWW,W. W. Grainger,Industrials,Industrial Machinery & Supplies & Components,"Lake Forest, Illinois",30/06/1981,1927
WAB,Wabtec,Industrials,Construction Machinery & Heavy Transportation Equipment,"Pittsburgh, Pennsylvania",27/02/2019,1999 (1869)
WMT,Walmart,Consumer Staples,Consumer Staples Merchandise Retail,"Bentonville, Arkansas",31/08/1982,1962
DIS,Walt Disney Company (The),Communication Services,Movies & Entertainment,"Burbank, California",30/06/1976,1923
WBD,Warner Bros. Discovery,Communication Services,Broadcasting,"New York City, New York",11/04/2022,2022 (Warner Bros. 1923)
WM,Waste Management,Industrials,Environmental & Facilities Services,"Houston, Texas",31/08/1998,1968
WAT,Waters Corporation,Health Care,Life Sciences Tools & Services,"Milford, Massachusetts",02/01/2002,1958
WEC,WEC Energy Group,Utilities,Electric Utilities,"Milwaukee, Wisconsin",31/10/2008,1896
WFC,Wells Fargo,Financials,Diversified Banks,"San Francisco, California",30/06/1976,1852
WELL,Welltower,Real Estate,Health Care REITs,"Toledo, Ohio",30/01/2009,1970
WST,West Pharmaceutical Services,Health Care,Health Care Supplies,"Exton, Pennsylvania",22/05/2020,1923
WDC,Western Digital,Information Technology,"Technology Hardware, Storage & Peripherals","San Jose, California",01/07/2009,1970
WY,Weyerhaeuser,Real Estate,Timber REITs,"Seattle, Washington",01/10/1979,1900
WSM,"Williams-Sonoma, Inc.",Consumer Discretionary,Homefurnishing Retail,"San Francisco, California",24/03/2025,1956
WMB,Williams Companies,Energy,Oil & Gas Storage & Transportation,"Tulsa, Oklahoma",31/03/1975,1908
WTW,Willis Towers Watson,Financials,Insurance Brokers,"London, United Kingdom",05/01/2016,2016
WDAY,"Workday, Inc.",Information Technology,Application Software,"Pleasanton, California",23/12/2024,2005
WYNN,Wynn Resorts,Consumer Discretionary,Casinos & Gaming,"Paradise, Nevada",14/11/2008,2002
XEL,Xcel Energy,Utilities,Multi-Utilities,"Minneapolis, Minnesota",04/03/1957,1909
XYL,Xylem Inc.,Industrials,Industrial Machinery & Supplies & Components,"White Plains, New York",01/11/2011,2011
YUM,Yum! Brands,Consumer Discretionary,Restaurants,"Louisville, Kentucky",06/10/1997,1997
ZBRA,Zebra Technologies,Information Technology,Electronic Equipment & Instruments,"Lincolnshire, Illinois",23/12/2019,1969
ZBH,Zimmer Biomet,Health Care,Health Care Equipment,"Warsaw, Indiana",07/08/2001,1927
ZTS,Zoetis,Health Care,Pharmaceuticals,"Parsippany, New Jersey",21/06/2013,1952
